název stavby;Okresy;zodpovědný technik za KSÚS;Celkové náklady s DPH (stavba + TDS a BOZP) předpoklady červeně;zhotovitel stavby;firma TDS + BOZP;Autorský dozor;staveniště předáno (nebo stav podkladů a soutěže) ;dokončení;zdroj financování;Finanční požadavek na přeložky s DPH 2019;Finanční požadavek na přeložky s DPH 2020;Záruka stavební část (měsíce);Záruka technologická část (měsíce);;ID;;;;;;;;;;;;;;;;;;;;;;;;;;;;;;;;;;;;;;;;;;;;;;;;;;;;;;;;;;;;;;;;;;;
Hotové akce;;;;;;;;;;;;;;;x;;;;;;;;;;;;;;;;;;;;;;;;;;;;;;;;;;;;;;;;;;;;;;;;;;;;;;;;;;;;;;;;;;;
II/115 a III/11517 Řevnice, průtah – I. Etapa;Praha-západ;Ing. Jiří Levý;-;ČNES;PRAGOPROJEKT, a.s.;PRAGOPROJEKT, a.s.;10.08.2016;21.09.2016;1. výzva IROP;X;X;60;60;;není;;;;;;;;;;;;;;;;;;;;;;;;;;;;;;;;;;;;;;;;;;;;;;;;;;;;;;;;;;;;;;;;;;;
II/150 Brzotice, rekonstrukce mostu, ev.č. 150-012;Benešov;Ing. Jiří Levý;-;Firesta + SDS Exmost;PRAGOPROJEKT, a.s.;Pontex s.r.o.;13.03.2017;14.12.2017;1. výzva IROP;X;X;60;60;;není;;;;;;;;;;;;;;;;;;;;;;;;;;;;;;;;;;;;;;;;;;;;;;;;;;;;;;;;;;;;;;;;;;;
II/336 Zruč nad Sázavou, Dubinská ulice včetně křižovatky;Kutná Hora;Bc. Marek Hanuš, MPA;16 806 157,91;Konstrukce a dopravní stavby s.r.o.;SINGEEN;PRAGOPROJEKT, a.s.;Stavba zahájena a zastavena dne 27.04.2017 práce znovu obnoveny 25.5.2017;15.09.2017;1. výzva IROP;X;X;60;36;;není;;;;;;;;;;;;;;;;;;;;;;;;;;;;;;;;;;;;;;;;;;;;;;;;;;;;;;;;;;;;;;;;;;;
II/111 Před Bystřicí most ev.č. 111-001 ;Benešov;Bc. Marek Hanuš, MPA;54 835 988,97 (po započítání ZBV - méněpráce) Kč, TDS 1 330 951,60 Kč - TDS cena je za oba mosty 001 a 002;Hochtief;VPÚ DECO, a.s.;PRAGOPROJEKT, a.s.; 27.2.2017;29.09.2017;1. výzva IROP;X;X;60;36;;ID:83;;;;;;;;;;;;;;;;;;;;;;;;;;;;;;;;;;;;;;;;;;;;;;;;;;;;;;;;;;;;;;;;;;;
Kruhová křižovatka Kladno Švermov, Na Cikánce;Kladno;Ing. Jiří Levý;10 543 610,69;STRABAG, a.s.;SGS-IBH TDI;Ateliér Promika s.r.o.;08.09.2017;27.11.2017;70. výzva IROP;X;X;60;36;;není;;;;;;;;;;;;;;;;;;;;;;;;;;;;;;;;;;;;;;;;;;;;;;;;;;;;;;;;;;;;;;;;;;;
II/268 Dolní Rokytá - Ševčín, opěrná zeď;Mladá Boleslav;Ing. Milan Fiala;13 609 224,42 Kč ;STRABAG ;DS engineering;PRAGOPROJEKT, a.s.;20.03.2017;30.04.2018;1. výzva IROP;X;X;60;36;;není;;;;;;;;;;;;;;;;;;;;;;;;;;;;;;;;;;;;;;;;;;;;;;;;;;;;;;;;;;;;;;;;;;;
II/280 Čížovky - Domousnice;Mladá Boleslav;Ing. Jiří Levý;30 971 677;Colas;IBH;PRAGOPROJEKT, a.s.;12.07.2017;06.06.2018;1. výzva IROP;X;X;60;36;;není;;;;;;;;;;;;;;;;;;;;;;;;;;;;;;;;;;;;;;;;;;;;;;;;;;;;;;;;;;;;;;;;;;;
II/120, mosty ev.č. 120-004,005,006 Sedlec-Prčice přes Sedlecký potok ;Příbram;Ing. Milan Fiala;34 944 129,41;PORR a.s.;Pontex s r.o.;VPÚ DECO, a.s.;07.04.2017;27.04.2018;1. výzva IROP;X;X;60;36;;není;;;;;;;;;;;;;;;;;;;;;;;;;;;;;;;;;;;;;;;;;;;;;;;;;;;;;;;;;;;;;;;;;;;
102 - 028 Most přes Vápenický potok ve Velké ;Příbram;Ing. Milan Fiala;14 377 775,29 (bez TDI);T.A.Q. s.r.o.  A ROBSTAV stavby k.s.;SGS-IBH TDI;METROPROJEKT Praha a.s.;31.10.2017;26.6.2018;1. výzva IROP;X;X;60;36;;není;;;;;;;;;;;;;;;;;;;;;;;;;;;;;;;;;;;;;;;;;;;;;;;;;;;;;;;;;;;;;;;;;;;
II/111 Bystřice, most ev. č. 111_002;Benešov;Bc. Marek Hanuš, MPA;22 976 537,36 Kč( po započítání ZBV), TDS viz most 001;Hochtief;VPÚ DECO, a.s.;PRAGOPROJEKT, a.s.; 27.2.2017;22.08.2018;1. výzva IROP;X;X;60;36;;není;;;;;;;;;;;;;;;;;;;;;;;;;;;;;;;;;;;;;;;;;;;;;;;;;;;;;;;;;;;;;;;;;;;
II/125 Vlašim, most ev.č. 125-019;Benešov;Bc. Marek Hanuš, MPA;8 504 139,29;PORR a.s.;SUDOP a.s.;PRAGOPROJEKT, a.s.;26. 3. 2018;28.8.2018;1. výzva IROP;X;X;60;36;;není;;;;;;;;;;;;;;;;;;;;;;;;;;;;;;;;;;;;;;;;;;;;;;;;;;;;;;;;;;;;;;;;;;;
II/101 Stehelčeves - most ev.č. 101-039;Kladno;Ing. Martin Staněk;7 523 464.82;N+N - Konstrukce a dopravní stavby Litoměřice, s.r.o.;SGS -IBH;APIS s.r.o.;Předání proběhlo dne 23.4.2018 v 8:00h v místě stavby;31.08.2018;70. výzva IROP;X;X;60;36;;ID:127;;;;;;;;;;;;;;;;;;;;;;;;;;;;;;;;;;;;;;;;;;;;;;;;;;;;;;;;;;;;;;;;;;;
III/6031 Nespeky – Pyšely;Benešov;Bc. Marek Hanuš, MPA;6 514 416,82 ( po započítání ZBV);Merit Bau CZ a.s.;Ateliér projektování inženýrských staveb, s.r.o.;Reinvest;06/2018;31.08.2018;SFDI;X;X;36;36;;není;;;;;;;;;;;;;;;;;;;;;;;;;;;;;;;;;;;;;;;;;;;;;;;;;;;;;;;;;;;;;;;;;;;
Komplexní sanace skal v úseku Strnady-Štechovice;Praha-západ;Ing. Jan Fidler;171 869 352;MINOVA BOHEMIA, s.r.o.;INFRAM, a.s.;SG-GEOPROJEKT;18.04.2017;17.01.2019;SFŽP;X;X;60;36;;není;;;;;;;;;;;;;;;;;;;;;;;;;;;;;;;;;;;;;;;;;;;;;;;;;;;;;;;;;;;;;;;;;;;
II/331 Sojovice, rekonstrukce mostu ev.č. 331-008;Mladá Boleslav;Ing. Milan Fiala;157 333 909,56;"„Společnost II/331 Sojovice, rekonstrukce mostu“
Vedoucí společník: HABAU CZ s.r.o.
Účastníci:
Společnost T.A.Q. s.r.o
PORR a.s.

";PRAGOPROJEKT, a.s.;PRAGOPROJEKT, a.s.;12.07.2017;04.12.2018;1. výzva IROP;X;X;60;36;;není;;;;;;;;;;;;;;;;;;;;;;;;;;;;;;;;;;;;;;;;;;;;;;;;;;;;;;;;;;;;;;;;;;;
II/605 Chrášťany, přeložka silnice;Praha-západ;Bc. Marek Hanuš, MPA;24 972 114,74;EUROVIA S-0878/DOP/2017;PRAGOPROJEKT, a.s. č.sml. S-16890/DOP/2016;PPU spol.s r.o.; 27. 7. 2017;05.10.2018;ITI;X;X;60;36;;není;;;;;;;;;;;;;;;;;;;;;;;;;;;;;;;;;;;;;;;;;;;;;;;;;;;;;;;;;;;;;;;;;;;
II/329 Plaňany, obchvat ;Kolín;Bc. Marek Hanuš, MPA;39 815 711,31 po započítání ZBV (TDS i zhotovitel dělen i na město Plaňany);Bögel a Krýzl - č. sml. S-0808/DOP/2017;Inženýring dopravních staveb a.s. - č. sml. S- 0135/DOP/2017;IM-projekt;17.07.2017;26.10.2018;1. výzva IROP;X;X;60;36;;není;;;;;;;;;;;;;;;;;;;;;;;;;;;;;;;;;;;;;;;;;;;;;;;;;;;;;;;;;;;;;;;;;;;
II/104 Most přes Vltavu v Davli ev.č. 104-001;Praha-západ;Ing. Milan Fiala;57 564 192,69;Colas CZ vedoucí účastník sdružení, účastník Firesta ;SGS s.r.o;AF-CITYPLAN s.r.o.;01.09.2017; 11.10.2018;1. výzva IROP;X;X;60;36;;není;;;;;;;;;;;;;;;;;;;;;;;;;;;;;;;;;;;;;;;;;;;;;;;;;;;;;;;;;;;;;;;;;;;
II/330 Poříčany, most přes D11 ev.č. 330-001;Kolín;Ing. Milan Peška;70 106 174,53;M- SILNICE a Doprastav;SUDOP GROUP TDI - BOZP ve Stř. Kr.;PRAGOPROJEKT, a.s.;06.03.2017;31.10.2018;1. výzva IROP;X;X;60;36;;není;;;;;;;;;;;;;;;;;;;;;;;;;;;;;;;;;;;;;;;;;;;;;;;;;;;;;;;;;;;;;;;;;;;
Komunikační propojení MÚK Jeneč - Dobrovíz;Praha-západ;Ing. Petr Nádvorník;12 402 349;Froněk, dopravní stavby;SUDOP Praha a.s.;ETC;10.2018;20.12.2018;SFDI;X;X;96;96;;není;;;;;;;;;;;;;;;;;;;;;;;;;;;;;;;;;;;;;;;;;;;;;;;;;;;;;;;;;;;;;;;;;;;
II/605 Vráž, rekonstrukce mostu ev. č. 605-020;Beroun;Ing. Milan Fiala;5 663 493,00 Kč;9.5.2017, Reader Falge s.r.o.;30.06.2017, IBH-SGS;SUDOP a.s.;4.4.2018;24.10.2018;1. výzva IROP;X;X;60;36;;není;;;;;;;;;;;;;;;;;;;;;;;;;;;;;;;;;;;;;;;;;;;;;;;;;;;;;;;;;;;;;;;;;;;
II/240 Velvary, rekonstrukce mostu ev. č. 240-022;Kladno;Bc. Marek Hanuš, MPA;18 777 602,91;Doprastav Velvary;SGS-IBH_TDI;SUDOP Součástí smlouvy o PD;14.02.2018;12.10.2018;1. výzva IROP;X;X;60;36;;není;;;;;;;;;;;;;;;;;;;;;;;;;;;;;;;;;;;;;;;;;;;;;;;;;;;;;;;;;;;;;;;;;;;
II/280 Březno, rekonstrukce ;Mladá Boleslav;Jan Zákostelský;36 147 540,59;SaM silnice a mosty a.s. ;IBR Consulting, s.r.o. ;AVS Projekt s.r.o.;08/2018;17.12.2018;70. výzva IROP;X;X;60;36;;ID:5;;;;;;;;;;;;;;;;;;;;;;;;;;;;;;;;;;;;;;;;;;;;;;;;;;;;;;;;;;;;;;;;;;;
II/112 Vlašim, křižovatka;Benešov;Bc. Marek Hanuš, MPA;25 033 617;BES;SGS-IBH_TDI - SML. podepsána dne 21.11.2017;SHB;15.02.2018;12.11.2018;70. výzva IROP;X;X;60;36;;ID:58;;;;;;;;;;;;;;;;;;;;;;;;;;;;;;;;;;;;;;;;;;;;;;;;;;;;;;;;;;;;;;;;;;;
Okružní křižovatka Týnec nad Sázavou II/106 x 10513;Benešov;Ing. Milan Fiala;7 559 096;Geosan GROUP a.s.;SUDOP GROUP, konzultant VPÚ DECO;Ateliér Promika s.r.o.;1.6.2018 + Výzva;21.09.2018;70. výzva IROP;X;X;60;36;;není;;;;;;;;;;;;;;;;;;;;;;;;;;;;;;;;;;;;;;;;;;;;;;;;;;;;;;;;;;;;;;;;;;;
II/603 Radějovice - Babice;Praha-východ;Ing. Milan Fiala;56 020 354,64 ;BESS Benešov;PRAGOPROJEKT, a.s.;SUDOP a.s.;12. 03.2018;06.12.2018;ITI;X;X;60;36;;není;;;;;;;;;;;;;;;;;;;;;;;;;;;;;;;;;;;;;;;;;;;;;;;;;;;;;;;;;;;;;;;;;;;
II/229 Všesulov – most ev.č. 229-009 ;Rakovník;Jan Zákostelský;8 301 324.85;ROBSTAV Stavby k.s. ;SHP TS;APIS;07-08.2018;07.11.2018;70. výzva IROP;X;X;60;36;;ID:6;;;;;;;;;;;;;;;;;;;;;;;;;;;;;;;;;;;;;;;;;;;;;;;;;;;;;;;;;;;;;;;;;;;
II/101 Zápy, rekonstrukce mostu ev.č. 101-74 b;Praha-východ;Bc. Marek Hanuš, MPA;58 868 376;Eurovia;REALSTAV MB spol. s.r.o.;Pontex součást smlouvy na PD;09.03.2018;09.11.2018;70. výzva IROP;X;X;60;60;;není;;;;;;;;;;;;;;;;;;;;;;;;;;;;;;;;;;;;;;;;;;;;;;;;;;;;;;;;;;;;;;;;;;;
II/121 Votice ul. Táborská;Benešov;Ing. Milan Fiala;11 450 824,11;Swietelsky s.r.o.;IBR Consulting;zajišťuje město (DOPAS s.r.o.);15.06.2018;15.11.2018;70. výzva IROP;X;X;60;36;;není;;;;;;;;;;;;;;;;;;;;;;;;;;;;;;;;;;;;;;;;;;;;;;;;;;;;;;;;;;;;;;;;;;;
II/101 - D10, okružní křižovatka;Praha-východ;Bc. Marek Hanuš, MPA;23 408 672;COLAS;IBR Consultin, s.r.o.;Novák a Partner;24.9.2018;09.12.2018;70. výzva IROP;X;X;60;36;;není;;;;;;;;;;;;;;;;;;;;;;;;;;;;;;;;;;;;;;;;;;;;;;;;;;;;;;;;;;;;;;;;;;;
II/605 a III/2365 Beroun, rekonstrukce silnic - hotov 1 km, bude se soutěžit zbytek znovu;Beroun;Ing. Milan Peška;132986430;Silnice Topolany, a.s. ;IBR Consulting;Novák a Partner;3.4.2018;31.12.2018;1. výzva IROP;X;X;60;36;;není;;;;;;;;;;;;;;;;;;;;;;;;;;;;;;;;;;;;;;;;;;;;;;;;;;;;;;;;;;;;;;;;;;;
II/114 Dobříš, most ev.č. 114-016 ;Příbram;Ing. Petr Nádvorník;15 816 000,00;N+N Stavby;IBH, s.r.o.;PRAGOPROJEKT, a.s.;1.8.2018;14. 12. 2018;70. výzva IROP;X;X;60;36;;není;;;;;;;;;;;;;;;;;;;;;;;;;;;;;;;;;;;;;;;;;;;;;;;;;;;;;;;;;;;;;;;;;;;
II/106 Hradištko, rekonstrukce silnice;Praha-západ;Jan Zákostelský;47 068 846.43;EUROVIA CS;INFRAM, a.s.;METROPROJEKT Praha a.s.;27.6.2018. I. etapa práce zahájeny od 18.03.2019;04.06.2019;ITI;X;X;60;36;km 0,270 - 1,660 záruka od 6.11.2018/ km 0,000 - 0,270 záruka od 4.6.2019;ID:10;;;;;;;;;;;;;;;;;;;;;;;;;;;;;;;;;;;;;;;;;;;;;;;;;;;;;;;;;;;;;;;;;;;
II/273 Mšeno, průtah;Mělník;Ing. Milan Peška;42301073;SaM silnice a mosty a.s.;IBR Consulting;PRAGOPROJEKT, a.s.;12.7.2018;31.05.2019;70. výzva IROP;X;X;60;36;;ID:50;;;;;;;;;;;;;;;;;;;;;;;;;;;;;;;;;;;;;;;;;;;;;;;;;;;;;;;;;;;;;;;;;;;
II/242 Roztoky, zajištění skalního masivu;Praha-západ;Bc. Martin Staněk;2 417 000.49 Kč;STRIX Chomutov, a.s.;SUDOP GROUP;objednávka s projektantem Ing. Jan Valenta;13.5.2019;01.07.2019;SFŽP;X;X;60;36;;není;;;;;;;;;;;;;;;;;;;;;;;;;;;;;;;;;;;;;;;;;;;;;;;;;;;;;;;;;;;;;;;;;;;
Statické zajištění silnice III/6031 v obci Senohraby;Praha-východ;Ing. Martin Staněk;3 260 890.03 Kč;TANNACO a.s.;IBH spol. s.r.o.;Projekt zajišťuje obec Senohraby;13.5.2019;12.07.2019;Plán investic Kraje;přeložka není;přeložka není;36;36;;ID:84;;;;;;;;;;;;;;;;;;;;;;;;;;;;;;;;;;;;;;;;;;;;;;;;;;;;;;;;;;;;;;;;;;;
II/240 Velké Přílepy - Tursko, oprava silnice;Praha-západ;Ing. Petr Nádvorník;59 928 408,40;ČNES + PKB;Sdružení IBR Consulting (provádí MottMac);METROPROJEKT Praha a.s.;08.04.2019;25.07.2019;ITI;X;X;60;36;;není;;;;;;;;;;;;;;;;;;;;;;;;;;;;;;;;;;;;;;;;;;;;;;;;;;;;;;;;;;;;;;;;;;;
Oprava mostu ev. č. 112-017 v obci Domašín a ev. č. 112-015 v obci Domašín;Benešov;Ing. Martin Staněk;19 020 957.74 Kč;Geosan GROUP a.s.;SUDOP GROUP;Pontex, spol. s.r.o.;17.9.2018;31.07.2019;70. výzva IROP;40 546.88;X;60;36;;ID:121;;;;;;;;;;;;;;;;;;;;;;;;;;;;;;;;;;;;;;;;;;;;;;;;;;;;;;;;;;;;;;;;;;;
III/3339 Lipany - Říčany;Praha-východ;Ing. Milan Peška;25 629 381,24;EUROVIA CS, a.s.;AF-CITYPLAN s.r.o.;APIS-PONTEX-TOPCON-GEOTEC;18.03.2019;30.07.2019;SFDI - účelová dotace;X;X;36;36;;není;;;;;;;;;;;;;;;;;;;;;;;;;;;;;;;;;;;;;;;;;;;;;;;;;;;;;;;;;;;;;;;;;;;
Šestajovice - rekonstrukce povrchu komunikace, ulice Revoluční ;Praha-východ;Bc. Marek Hanuš, MPA;10 030 904,84;PORR a.s.;IBH;projektovala obec;1.7.2019;23.08.2019;financováno přes Tomáše;x;x;36;36;;není;;;;;;;;;;;;;;;;;;;;;;;;;;;;;;;;;;;;;;;;;;;;;;;;;;;;;;;;;;;;;;;;;;;
II/245 Vykáň, most ev.č. 245-009a;Nymburk;Jan Zákostelský;4 971 499.04; T.A.Q. s.r.o.;SUDOP GROUP TDI - BOZP ve Stř. Kr.;CR PROJECT s.r.o.; 7.05.2019;27.08.2019;70. výzva IROP;X;X;60;36;;ID:8;;;;;;;;;;;;;;;;;;;;;;;;;;;;;;;;;;;;;;;;;;;;;;;;;;;;;;;;;;;;;;;;;;;
II/237 Hořešovice, rekonstrukce mostu ev.č. 237-013A;Kladno;Jan Zákostelský;7 421 333.37;Chládek a Tintěra;SUDOP GROUP TDI - BOZP ve Stř. Kr.;APIS;předáno 21.03.2019;23.08.2019;70. výzva IROP;X;X;60;36;;ID:46;;;;;;;;;;;;;;;;;;;;;;;;;;;;;;;;;;;;;;;;;;;;;;;;;;;;;;;;;;;;;;;;;;;
II/335 Uhlířské Janovice – Staňkovice, rekonstrukce vozovky a  odstranění bodové závady_I.etapa;Kutná Hora;Ing. Martin Staněk;42 006 117.73 Kč;Silmex fůze na Swietelsky;SUDOP GROUP TDI - BOZP ve Stř. Kr. (konzultant VPÚ DECO);PONTEX;28.03.2019;29.08.2019;70. výzva IROP;X;X;60;36;;ID:76;;;;;;;;;;;;;;;;;;;;;;;;;;;;;;;;;;;;;;;;;;;;;;;;;;;;;;;;;;;;;;;;;;;
II/101 Obříství (Kompletní rekonstrukce silnice II/101 v průtahu obce Obříství v úseku provozního staničení 87,538 - 88,038 Obříství);Mělník;Ing. Milan Peška;16 468 100.00 Kč;STRABAG;IBR Consulting;Pontex s.r.o.;10.06.2019;31.08.2019;70. výzva IROP;x;x;60;36;;není;;;;;;;;;;;;;;;;;;;;;;;;;;;;;;;;;;;;;;;;;;;;;;;;;;;;;;;;;;;;;;;;;;;
II/337, most ev.č. 337-007 Močovice;Kutná Hora;Ing. Martin Staněk;19407802.26;Doprastav, a.s.;SUDOP GROUP;INGUTIS, spol. s.r.o.;02.07.2018;08.11.2019;70. výzva IROP;X;X;60;36;;ID:30;;;;;;;;;;;;;;;;;;;;;;;;;;;;;;;;;;;;;;;;;;;;;;;;;;;;;;;;;;;;;;;;;;;
II/272 Lysá n. Labem, rekonstrukce mostu ev.č. 272-006 ;Nymburk;Ing. Milan Fiala;228 352 684,97;Metrostav, PORR, Chládek a Tintěra;PRAGOPROJEKT, a.s.;PRAGOPROJEKT, a.s.;01.03.2018;29.08.2019;1. výzva IROP;X;X;60;36;;není;;;;;;;;;;;;;;;;;;;;;;;;;;;;;;;;;;;;;;;;;;;;;;;;;;;;;;;;;;;;;;;;;;;
II/115 Černošice, rekonstrukce silnice;Praha-západ;Ing. Petr Nádvorník;70 000 000;M - SILNICE, a.s.;Reinvest;AF-CITYPLAN s.r.o.;14.07.2017;17.09.2019;ITI;X;X;60;36;;není;;;;;;;;;;;;;;;;;;;;;;;;;;;;;;;;;;;;;;;;;;;;;;;;;;;;;;;;;;;;;;;;;;;
II/118 Chyňava,  Rekonstrukce mostu ev.č. 118 – 038 Most přes potok za obcí Chýňava  ;Beroun;Ing. Petr Nádvorník;22 533 352,05;Reader a Falge;SGS_IBH;PRAGOPROJEKT, a.s.;12/2018 , konec zimní pauzy 30. 3. 2019;10.10.2019;70. výzva IROP;X;X;60;36;;není;;;;;;;;;;;;;;;;;;;;;;;;;;;;;;;;;;;;;;;;;;;;;;;;;;;;;;;;;;;;;;;;;;;
II/237 N. Strašecí - Mšec, Rekonstrukce - I.etapa;Rakovník;Ing. Martin Staněk;57 440 613.65 Kč;Herkul a.s. ;MORAVA:RS SD+BOZP - STŘEDOČESKÝ KRAJ (SHP TS s.r.o.);Ateliér Promika s.r.o.;01.07.2019;20.10.2019;70. výzva IROP;přeložka není;přeložka není;60;36;;ID:32;;;;;;;;;;;;;;;;;;;;;;;;;;;;;;;;;;;;;;;;;;;;;;;;;;;;;;;;;;;;;;;;;;;
II/105 Kamenný přívoz, rekonstrukce mostu ev.č. 105-010 a ev.č. 105-011;Praha-západ;Ing. Petr Nádvorník;12 938 452.00 Kč;010 - sdružení AZ Sanace a Robstav                                                       011- N+N stavby;SUDOP GROUP TDI - BOZP ve Stř. Kr.;Most 010 - VPU Most 011 - TUBES;21.3.2018;30.10.2019;70. výzva IROP;X;X;60;36;;není;;;;;;;;;;;;;;;;;;;;;;;;;;;;;;;;;;;;;;;;;;;;;;;;;;;;;;;;;;;;;;;;;;;
III/33310 Svémyslice, most ev.č. 33310-4;Praha-východ;Jan Zákostelský;30 863 558.11 Kč;Doprastav, a.s.;IBH spol. s.r.o.;AF-CITYPLAN s.r.o.;předáno listopad 2018;31.10.2019;SFDI;X;X;36;36;;ID:19;;;;;;;;;;;;;;;;;;;;;;;;;;;;;;;;;;;;;;;;;;;;;;;;;;;;;;;;;;;;;;;;;;;
III/10165 Úvaly, průtah (5. května);Praha-východ;Ing. Petr Nádvorník;59 990 348.00 Kč;PORR a.s. + ZEPRIS;Ateliér projektování inženýrských staveb, s.r.o.;Pontex s.r.o.;18.03.2019;03.12.2019;SFDI - účelová dotace;X;X;60;60;;ID:60;;;;;;;;;;;;;;;;;;;;;;;;;;;;;;;;;;;;;;;;;;;;;;;;;;;;;;;;;;;;;;;;;;;
II/331 Lysá nad Labem, REKONSTRUKCE KŘIŽOVATEK;Nymburk;Bc. Marek Hanuš, MPA;13 018 311,39 Kč;Metrostav, a.s.;PRAGOPROJEKT/INFRAM;Pontex s.r.o.;4.4.2019;15.10.2019;70. výzva IROP;1 304 585.70;X;60;36;;není;;;;;;;;;;;;;;;;;;;;;;;;;;;;;;;;;;;;;;;;;;;;;;;;;;;;;;;;;;;;;;;;;;;
II/336 Starý Samechov, mosty ev. Č. 336-006 a 336-007;Kutná Hora;Ing. Martin Staněk;15 107 081.98 Kč;M - SILNICE, a.s.;SGS ;Stráský, Hustý a partneři s.r.o.;23.4.2019;03.12.2019;70. výzva IROP;X;X;60;36;;ID:28;;;;;;;;;;;;;;;;;;;;;;;;;;;;;;;;;;;;;;;;;;;;;;;;;;;;;;;;;;;;;;;;;;;
II/105 Netvořice, rekonstrukce;Benešov;Ing. Martin Staněk;42 830 920.13 Kč;ROBSTAV k.s.;SGS-IBH_TDI;Pontex s.r.o.;02.07.2019;02.12.2019;70. výzva IROP;přeložka není;přeložka není;60;36;;ID:2;;;;;;;;;;;;;;;;;;;;;;;;;;;;;;;;;;;;;;;;;;;;;;;;;;;;;;;;;;;;;;;;;;;
II/116 Nižbor - Hýskov, bezpečnostní opatření na silnici;Beroun;Jan Zákostelský;17 034 512.12 Kč;Starmosty - ROBSTAV k.s.;SGS-IBH_TDI;Ing. Jiří Sobol;23.7.2019;06.12.2019;70. výzva IROP;X;X;60;36;;ID:78;;;;;;;;;;;;;;;;;;;;;;;;;;;;;;;;;;;;;;;;;;;;;;;;;;;;;;;;;;;;;;;;;;;
II/229 Rakovník- I/6, připojení na D6;Rakovník;Ing. Milan Peška;71 094 018.54 Kč;ROBSTAV k.s;SUDOP GROUP TDI - BOZP ve Stř.Kr.;SHB a.s.;1.8.2019;03.12.2019;70. výzva IROP;x;x;60;36;;není;;;;;;;;;;;;;;;;;;;;;;;;;;;;;;;;;;;;;;;;;;;;;;;;;;;;;;;;;;;;;;;;;;;
II/244 Měšice , rekonstrukce mostu ev.č. 244-001 - demolice;Praha-východ;Bc. Marek Hanuš, MPA;20 657 529,25 (TDS v hodnotě 1 639 511,28 Kč je na demolici a výstavbu nového mostu dohromady);CTB;Pragoprojekt;HBH; 11. 10. 2019;29.11.2019;vlastní zdroje;;;36;36;;ID:208;;;;;;;;;;;;;;;;;;;;;;;;;;;;;;;;;;;;;;;;;;;;;;;;;;;;;;;;;;;;;;;;;;;
II/322 Kolín - Týnec nad Labem, úsek Kolín - Tři Dvory;Kolín;Ing. Petr Nádvorník;24 163 120.05 Kč;STRABAG;SUDOP GROUP TDI - BOZP ve Stř.Kr.;Ateliér Promika s.r.o.;15.08.2019;15.11.2019;SFDI;x;x;60;36;;není;;;;;;;;;;;;;;;;;;;;;;;;;;;;;;;;;;;;;;;;;;;;;;;;;;;;;;;;;;;;;;;;;;;
II/101 Unhošť – Červený Újezd ;Kladno, Praha-západ;Bc. Marek Hanuš, MPA;31 751 700.93 Kč;Froněk, spol. s r.o.;IBH spol. s.r.o. ;APIS s.r.o.;12.08.2019;12.12.2019;70. výzva IROP;X;X;60;60;;ID:48;;;;;;;;;;;;;;;;;;;;;;;;;;;;;;;;;;;;;;;;;;;;;;;;;;;;;;;;;;;;;;;;;;;
II/113 Mukařov - Struhařov;Praha-východ;Bc. Marek Hanuš, MPA;48 035 692.52 Kč;ROBSTAV Stavby k.s. ;SHP TS;Ateliér Promika s.r.o.;16.8.2019;16.12.2019;ITI;přeložka není;přeložka není;60;36;;ID:412;;;;;;;;;;;;;;;;;;;;;;;;;;;;;;;;;;;;;;;;;;;;;;;;;;;;;;;;;;;;;;;;;;;
II/101 Zákolany, sanace svahu a silnice po havárii;Kladno;Ing. Martin Dvořák;6 262 273.29 Kč;AZ Sanace;SGS-IBH_TDI;Statická spo. s.r.o.;15.08.2019;17.12.2019;Peníze z absence D0;přeložka není;přeložka není;60;60;;není;;;;;;;;;;;;;;;;;;;;;;;;;;;;;;;;;;;;;;;;;;;;;;;;;;;;;;;;;;;;;;;;;;;
III/24420 Nedomice, rekonstrukce;Mělník;Ing. Milan Peška;34 341 287,16;III/24420 Nedomice - COLAS + SaM;SUDOP Praha a.s. + KOMOVIA s.r.o.;Ing. Hynek Seiner;23.9.2019;12.12.2019;účelová dotace SFDI;x;x;36;36;;ID:23;;;;;;;;;;;;;;;;;;;;;;;;;;;;;;;;;;;;;;;;;;;;;;;;;;;;;;;;;;;;;;;;;;;
II/113 Bílkovice, most ev.č. 113-014 přes potok v obci Bílkovice;Benešov;Jan Zákostelský;10 080 500.00 Kč;ROBSTAV Stavby k.s. ;SHP TS;APIS s.r.o.;02.05.2019;31.12.2019;70. výzva IROP;121 198,57 (uhrazeno);X;60;36;;ID:7;;;;;;;;;;;;;;;;;;;;;;;;;;;;;;;;;;;;;;;;;;;;;;;;;;;;;;;;;;;;;;;;;;;
II/279 Rabakov - Prodašice (1. a 3. etapa);Mladá Boleslav;Bc. Marek Hanuš, MPA;56 162 022.82 Kč;M - SILNICE, a.s.;IBR;Pontex s.r.o.;29.03.2019;31.12.2019;70. výzva IROP;X;X;60;36;;není;;;;;;;;;;;;;;;;;;;;;;;;;;;;;;;;;;;;;;;;;;;;;;;;;;;;;;;;;;;;;;;;;;;
III/3353 Hrusice most ev. č. 3353-2;Praha-východ;Ing. Martin Staněk;6 909 725.50 Kč;KG-SERVIS, spol. s.r.o.;IBH spol. s.r.o.;Ateliér Promika s.r.o.;26.8.2019;31.03.2020;Plán investic kraje;přeložka není;přeložka není;60;60;;ID:85;;;;;;;;;;;;;;;;;;;;;;;;;;;;;;;;;;;;;;;;;;;;;;;;;;;;;;;;;;;;;;;;;;;
II/118 a III/0063 Amerika - Kyšice;Kladno;Ing. Martin Dvořák;37 483 093.18 Kč;STRABAG;4roads s.r.o.;Satra;30.9.2019;30.04.2020;Peníze z absence D0;přeložka není;přeložka není;36;36;;není;;;;;;;;;;;;;;;;;;;;;;;;;;;;;;;;;;;;;;;;;;;;;;;;;;;;;;;;;;;;;;;;;;;
II/107 Kamenice - hr. okresu Benešov;Benešov;Martin Voříšek;6 907 626.21 Kč;BES;Ladislav Bacil (soutěženo z KSÚS);VPÚ DECO, a.s.;13.1.2020;05.05.2020;Vlastní zdroje;x;x;36;36;;není;;;;;;;;;;;;;;;;;;;;;;;;;;;;;;;;;;;;;;;;;;;;;;;;;;;;;;;;;;;;;;;;;;;
II/124 Hostišov - Jiřetice (hr. okresu);Benešov;Ing. Milan Peška;105 263 270.00 Kč;Swietelsky s.r.o. PORR;SGS_IBH;METROPROJEKT Praha a.s.;2.11.2018;30.04.2020;70. výzva IROP;X;X;60;36;;není;;;;;;;;;;;;;;;;;;;;;;;;;;;;;;;;;;;;;;;;;;;;;;;;;;;;;;;;;;;;;;;;;;;
Obchvat Králův Dvůr - silnice II. třídy - I. etapa;Beroun;Ing. Petr Nádvorník;49 489 000, 00 Kč;STRABAG;SUDOP GROUP TDI - BOZP ve Stř. Kr.;Spektra s.r.o;03.12.2018;30.04.2020;ITI;1500000;X;60;36;;ID:49;;;;;;;;;;;;;;;;;;;;;;;;;;;;;;;;;;;;;;;;;;;;;;;;;;;;;;;;;;;;;;;;;;;
II/118 Malé Kyšice, nestabilní silniční svah;Kladno;Ing. Petr Nádvorník;24 153 765.68 Kč;ALGON a.s.;SGS-IBH_TDI;AVS Projekt s.r.o.;14. 10. 2019;21.05.2020;70. výzva IROP;x;x;60;36;;ID:62;;;;;;;;;;;;;;;;;;;;;;;;;;;;;;;;;;;;;;;;;;;;;;;;;;;;;;;;;;;;;;;;;;;
II/610 Podolanka – Dřevčice, Dřevčice – Brandýs, rekonstrukce;Praha-východ;Jan Zákostelský;60 540 290.41 Kč;STRABAG;IBR Consulting;Mott MacDonald CZ, spol. s.r.o. ;19.08.2019;23.06.2020;ITI;II/610: I.úsek 1,000-2,580 II.úsek 3,410-4,374;soutěženo před platností vyhl., nezatříděno.;60;36;;ID:24;;;;;;;;;;;;;;;;;;;;;;;;;;;;;;;;;;;;;;;;;;;;;;;;;;;;;;;;;;;;;;;;;;;
II/272, most ev.č. 272-004 přes Labe před obcí Litol a rekonstrukce komunikace II/272 - I. etapa_PD ;Nymburk;Bc. Marek Hanuš, MPA;156 269 382.50 Kč;PORR, Chládek a Tiňtěra ;SHP TS;Pontex s.r.o.;19.8.2019;30.06.2020;70. výzva IROP;x;x;60;36;;není;;;;;;;;;;;;;;;;;;;;;;;;;;;;;;;;;;;;;;;;;;;;;;;;;;;;;;;;;;;;;;;;;;;
II/112 Struhařov okružní křižovatka a silnice, 1. etapa přímé úseky 0,040-1,920;Praha-východ;Ing. Petr Nádvorník;40 275 415.83 Kč;EUROVIA CS, a.s.;SUDOP Group TDI;sweco/sudop;9. 9. 2019;31.07.2020;70. výzva IROP;x;x;60;36;;ID:103;;;;;;;;;;;;;;;;;;;;;;;;;;;;;;;;;;;;;;;;;;;;;;;;;;;;;;;;;;;;;;;;;;;
III/2746 Libichov - Dobrovice, rekonstrukce;Mladá Boleslav;Bc. Marek Hanuš, MPA;60 171 640.80 Kč;STRABAG;Tubes;CR PROJECT s.r.o.;1.5.2020;10.09.2020;Vlastní zdroje;361 934.40;177 458;60;60;;není;;;;;;;;;;;;;;;;;;;;;;;;;;;;;;;;;;;;;;;;;;;;;;;;;;;;;;;;;;;;;;;;;;;
II-117 Komárov,opěrná zeď a svodidla;Beroun;Ing. Martin Staněk;10 138 550.79 Kč;Společnost T.A.Q. s.r.o.;MORAVA:RS SD+BOZP Středočeský kraj (SHP TS s.r.o.);Pontex s.r.o.; 01.10.2019;07.09.2020;Zdroje kraje;170 857.13;X;60;36;;ID:111;;;;;;;;;;;;;;;;;;;;;;;;;;;;;;;;;;;;;;;;;;;;;;;;;;;;;;;;;;;;;;;;;;;
II/329 Pečky, rekonstrukce silnice;Kolín;Jan Zákostelský;51 276 256.00 Kč;STRABAG;SHP TS;Mott MacDonald CZ, spol. s.r.o. ;20.5.2019;11.09.2020;70. výzva IROP;X;X;60;36;;ID:3;;;;;;;;;;;;;;;;;;;;;;;;;;;;;;;;;;;;;;;;;;;;;;;;;;;;;;;;;;;;;;;;;;;
II/112 Čechtice, most ev.č. 112-035 přes strouhu před obcí Čechtice;Benešov;Ing. Martin Staněk;8 504 229.29 Kč;AZ sanace;SUDOP GROUP TDI-BOZP ve Stř.Kr;APIS s.r.o.;  17.3.2020;30.09.2020;70. výzva IROP;přeložka není;přeložka není;60;36; prodloužená záruka na vozovkové vrsty komunikace +24 měsíců (do 30.9.2027);ID:79;;;;;;;;;;;;;;;;;;;;;;;;;;;;;;;;;;;;;;;;;;;;;;;;;;;;;;;;;;;;;;;;;;;
II/330 Nymburk, most ev. č. 330-003;Nymburk;Martin Voříšek;16 954 542.45 Kč;TAQ;REALSTAV MB spol. s.r.o.;VPÚ DECO, a.s.;25.3.2020;23.09.2020;70. výzva IROP;x;x;60;36;;ID:42;;;;;;;;;;;;;;;;;;;;;;;;;;;;;;;;;;;;;;;;;;;;;;;;;;;;;;;;;;;;;;;;;;;
II/332, III/27212, III/3323 Straky;Nymburk;Bc. Marek Hanuš, MPA;55 844 385.92 Kč;Skanska;IBR;CR PROJECT s.r.o.;9.10.2019;30.09.2020;70. výzva IROP - navýšená alokace;x;x;60;36;;ID:275;;;;;;;;;;;;;;;;;;;;;;;;;;;;;;;;;;;;;;;;;;;;;;;;;;;;;;;;;;;;;;;;;;;
II/272 Starý Vestec, přeložka silnice;Nymburk;Bc. Marek Hanuš, MPA;21 870 296.09 Kč;SKANSKA;SGS;FORVIA CZ s.r.o.;22.05.2020;05.10.2020;ITI;772 804,01(Stavba je v soutěži financování je možné v r. 2020 - dle průběhu soutěže);149 025 (ČEZ), 497 681 (CETIN);60;60;;ID:147;;;;;;;;;;;;;;;;;;;;;;;;;;;;;;;;;;;;;;;;;;;;;;;;;;;;;;;;;;;;;;;;;;;
II/610 Brandýs nad Labem - Rekonstrukce křižovatky Pražská - Průmyslová a části komunikace v Ul. Pražská;Praha-východ;Ing. Milan Peška;98 675 500,00;Společnost Swietelsky - SAM-GEOSAN;IBR;SUNCAD s.r.o.;19. 3. 2019;13.10.2020;70. výzva IROP;X;X;60;36;;není;;;;;;;;;;;;;;;;;;;;;;;;;;;;;;;;;;;;;;;;;;;;;;;;;;;;;;;;;;;;;;;;;;;
II/116 Řevnice, sanace záchytného systému;Praha-západ;Martin Voříšek;33 718 765.73 Kč;Doprastav CZ, s.r.o.;SUDOP GROUP TDI - BOZP ve Stř.Kr.;VPÚ DECO, a.s.;2.9.2019 ;31.10.2020;peníze z absence D0;x;x;60;36;;ID:222;;;;;;;;;;;;;;;;;;;;;;;;;;;;;;;;;;;;;;;;;;;;;;;;;;;;;;;;;;;;;;;;;;;
II/610 Benátky  n/J, most ev.č. 610-021a přes D10 před obcí Benátky n/J a oprava přilehlé komunikace ve staničení 22,353 – 24,853 km;Mladá Boleslav;Ing. Milan Peška;74 113 842.69 Kč;SKANSKA;IBR;Pontex s.r.o.;09.03.2020;14.10.2020;70. výzva IROP;x;x;60;36;;ID:193;;;;;;;;;;;;;;;;;;;;;;;;;;;;;;;;;;;;;;;;;;;;;;;;;;;;;;;;;;;;;;;;;;;
Úprava křižovatky II/101 a III/0096 Neratovice;Mělník;Ing. Martin Dvořák;5803137,01;EUROVIA CS a.s.;ALFA 88 s.r.o.;METROPROJEKT Praha a.s.;9.11.2020;10.12.2020;vlastní zdroje;přeložka není;přeložka není;36;36;;ID:182;;;;;;;;;;;;;;;;;;;;;;;;;;;;;;;;;;;;;;;;;;;;;;;;;;;;;;;;;;;;;;;;;;;
Okružní křižovatka v km 1,391 u areálu T – Sport a SOPO Modletice včetně chodníku k zastávce BUS;Praha-východ;Martin Voříšek;22 832 640.86 Kč;M-silnice-smlouva podepsaná do 30.11.2019;IBR Consulting;Progeok;15.04.2020;31.10.2020;ITI;x;x;60;60;;ID:20;;;;;;;;;;;;;;;;;;;;;;;;;;;;;;;;;;;;;;;;;;;;;;;;;;;;;;;;;;;;;;;;;;;
00712-4 Most přes sil.R7 mezi obcemi Brandýsek a Knovíz;Kladno;Bc. Marek Hanuš, MPA;31 301 947.25 Kč;Reader a Falge, podpis 18.11.2019;SGS-IBH_TDI;Pontex s.r.o.;19.5.2020;09.12.2020;70. výzva IROP;x;x;60;36;;není;;;;;;;;;;;;;;;;;;;;;;;;;;;;;;;;;;;;;;;;;;;;;;;;;;;;;;;;;;;;;;;;;;;
II/118 Kladno, rekonstrukce;Kladno;Ing. Milan Peška;153 003 110,20;Herkul a.s. ;SGS-IBH TDI;PUDIS;22.10.2018;15.12.2020;70. výzva IROP;X;X;60;36;;ID:177;;;;;;;;;;;;;;;;;;;;;;;;;;;;;;;;;;;;;;;;;;;;;;;;;;;;;;;;;;;;;;;;;;;
II/112 Struhařov, rekonstrukce silnice – provozní staničení km 6,70 – 9,48;Benešov;Ing. Petr Nádvorník;95 434 657.85 Kč;BES + COLAS;VPU (SUDOP GROUP TDI);Ateliér Promika s.r.o.;15.6.2020;15.12.2020;70. výzva IROP;x;x;60;36;;ID:107;;;;;;;;;;;;;;;;;;;;;;;;;;;;;;;;;;;;;;;;;;;;;;;;;;;;;;;;;;;;;;;;;;;
II/112 mosty ev.č. 112-007, 009 a 010 u obcí Dobříčkov a Jemniště;;;;;;Tubes;;;70. výzva IROP;x;x;60;36;;ID:108;;;;;;;;;;;;;;;;;;;;;;;;;;;;;;;;;;;;;;;;;;;;;;;;;;;;;;;;;;;;;;;;;;;
II/110 Benešov - dopravní opatření u nádraží + prodloužení;Benešov;Bc. Marek Hanuš, MPA;38 082 394.29 Kč;BES;SUDOP GROUP TDI;DOPAS;15. 07. 2020;22.12.2020;ITI;;;60;60;;ID:138;;;;;;;;;;;;;;;;;;;;;;;;;;;;;;;;;;;;;;;;;;;;;;;;;;;;;;;;;;;;;;;;;;;
II/105 Počepice, most ev.č. 105-029;Příbram; Martin Voříšek;37 213 821;M - SILNICE, a.s.;ALFA 88 s.r.o.;VPU DECO;7.11.2019;29.04.2021;IROP výzva č. 70;x;x;60;60;;ID:173;;;;;;;;;;;;;;;;;;;;;;;;;;;;;;;;;;;;;;;;;;;;;;;;;;;;;;;;;;;;;;;;;;;
II/610 Tuřice - Kbel, I. etapa;Mladá Boleslav;Ing. Milan Peška;68 532 689.94 Kč;STRABAG;IBR Consulting;CR PROJECT s.r.o.;4.6.2019;30.11.2020;70. výzva IROP;1300000;x;60;36;;ID:35;;;;;;;;;;;;;;;;;;;;;;;;;;;;;;;;;;;;;;;;;;;;;;;;;;;;;;;;;;;;;;;;;;;
II/118 Zlonice, rekonstrukce mostu ev.č. 118-057;Kladno;Bc. Marek Hanuš, MPA;17 721 019.89 Kč;Swietelsky s.r.o.;SGS-IBH_TDI;SUDOP PRAHA a.s.;20.3.2020;11.05.2021;70. výzva IROP;CETIN předpoklad: 862 256 (skutečnost 1 009 010,75 - Kraj by měl říci, zda již bylo fakturováno)  ČEZ- 861 641 (684 332);x;60;36;;ID:74;;;;;;;;;;;;;;;;;;;;;;;;;;;;;;;;;;;;;;;;;;;;;;;;;;;;;;;;;;;;;;;;;;;
II/115 Řevnice - Vižina, rekonstrukce, 1. etapa;Praha-západ;Jan Zákostelský;118 808 834.93 Kč;STRABAG a.s.;MORAVA RS - SHP;SHB, a.s;13.05.2020;15.05.2021;IROP výzva č.92 - KSÚS;II/115: 2,150 - 13,541 ;soutěženo před platností vyhl., nezatříděno.;60;60;;ID:95;;;;;;;;;;;;;;;;;;;;;;;;;;;;;;;;;;;;;;;;;;;;;;;;;;;;;;;;;;;;;;;;;;;
II/101 Jesenice - D1, rekonstrukce;Praha-západ;Martin Voříšek;72 464 692,04?;EUROVIA CS, a.s.;MORAVA:RS SD+BOZP-STŘEDOČESKÝ KRAJ;APIS s.r.o.;20.10.2019;18.04.2021;ITI;x;x;60;36;;ID:40;;;;;;;;;;;;;;;;;;;;;;;;;;;;;;;;;;;;;;;;;;;;;;;;;;;;;;;;;;;;;;;;;;;
II/105 Psáry, průtah a II/105 Psáry, most ev. č. 105-002;Praha-západ;Ing. Petr Nádvorník;62770233,91 (jen část KSUS);IMOS Brno, a.s. A Froněk, spol. s.r.o.;PRAGOPROJEKT, INFRAM;IM-projekt;25. 5. 2020;30.06.2021;ITI + 70. výzva;x;600000;60;36;;ID:34;;;;;;;;;;;;;;;;;;;;;;;;;;;;;;;;;;;;;;;;;;;;;;;;;;;;;;;;;;;;;;;;;;;
II/114 Neveklov - I/3;Benešov;Jan Zákostelský;98 644 372.52 Kč;BES s.r.o.;SGS-IBH_TDI;SUDOP PRAHA a.s.;14.04.2020;30.06.2021;70. výzva IROP - navýšená alokace;II/114:57,785- 68,280;v soutěži, pokud se podaří uzavřít soutěž, není třeba ;60;60;;ID:13;;;;;;;;;;;;;;;;;;;;;;;;;;;;;;;;;;;;;;;;;;;;;;;;;;;;;;;;;;;;;;;;;;;
 II/112 Domašín - Zdislavice;Benešov;Ing. Petr Nádvorník;172594308,94 (TDS na všechny tři akce dohromady, připočteno tady);SWIETELSKY – SILNICE GROUP;SGS Czech Republic, s.r.o.;PRAGOPROJEKT a.s;15. 7. 2020;21.06.2021;IROP výzva č.92 - KSÚS;;;60;60;;ID:98;;;;;;;;;;;;;;;;;;;;;;;;;;;;;;;;;;;;;;;;;;;;;;;;;;;;;;;;;;;;;;;;;;;
II/237 Nové Strašecí, oprava mostu 237-007 nad tratí ČD   ;Rakovník;Jan Zákostelský;90 172 507.05 Kč;SWIETELSKY;MORAVA: RS SD+BOZP - STŘEDOČESKÝ KRAJ;Pontex s.r.o.;4.11.2019;11.05.2021;70. výzva IROP;521905;x;60;36;;ID:52;;;;;;;;;;;;;;;;;;;;;;;;;;;;;;;;;;;;;;;;;;;;;;;;;;;;;;;;;;;;;;;;;;;
(Pyšely Zaječice) III/0311 a III/0312, rekonstrukce silnic;Benešov;Ing. Martin Staněk;51 116 967.90 Kč;EUROVIA;REALSTAV MB, spol. s.r.o.;Pontex s.r.o.;25.2.2021;15.07.2021;Národní zdroje 2021;v příprave smlouvy;v příprave smlouvy;36;36;;ID:114;;;;;;;;;;;;;;;;;;;;;;;;;;;;;;;;;;;;;;;;;;;;;;;;;;;;;;;;;;;;;;;;;;;
II/101 Kralupy nad Vltavou, most ev.č. 101-054;Mělník;Ing. Petr Nádvorník;21 139 426.00 Kč;HOBST a.s.;SUDOP GROUP TDI (provádí INFRAM);AF-CITYPLAN s.r.o.;1. 4. 2021;26.08.2021;70. výzva IROP;500000;x;60;36;;ID:100;;;;;;;;;;;;;;;;;;;;;;;;;;;;;;;;;;;;;;;;;;;;;;;;;;;;;;;;;;;;;;;;;;;
II/106 hranice okresu Benešov - Chrást nad Sázavou, rekonstrukce;Benešov;Jan Zákostelský;133 617 669.29 Kč;Skanska a.s;SUDOP GROUP;Ateliér Promika s.r.o.;15.06.2020;30.08.2021;IROP výzva č.92 - žadatel Kraj;2 000 000;X;60;36;;ID:22;;;;;;;;;;;;;;;;;;;;;;;;;;;;;;;;;;;;;;;;;;;;;;;;;;;;;;;;;;;;;;;;;;;
II/101 Třebotov - Rudná, rekonstrukce I. etapa;;;;;;;;30.09.2021 ;;;;60;60;;ID:92;;;;;;;;;;;;;;;;;;;;;;;;;;;;;;;;;;;;;;;;;;;;;;;;;;;;;;;;;;;;;;;;;;;
 II/112 Zdislavice - hranice Středočeského kraje;;;;;;;;30.09.2021;;;;60;60;;ID:99;;;;;;;;;;;;;;;;;;;;;;;;;;;;;;;;;;;;;;;;;;;;;;;;;;;;;;;;;;;;;;;;;;;
II/112 Jemniště - Domašín;;;;;;;;30.09.2021;;;;60;60;;ID:47;;;;;;;;;;;;;;;;;;;;;;;;;;;;;;;;;;;;;;;;;;;;;;;;;;;;;;;;;;;;;;;;;;;
;;;;;;;;;;;;;;;;;;;;;;;;;;;;;;;;;;;;;;;;;;;;;;;;;;;;;;;;;;;;;;;;;;;;;;;;;;;;;;;;;;
